p,epsilon,nb
0.308016344,66.09469685,0.07
0.323356778,67.04345949,0.071
0.339231976,67.99222213,0.072
0.355649832,68.94137943,0.073
0.372616266,69.89093139,0.074
0.390143116,70.84048335,0.075
0.408234331,71.79042997,0.076
0.426897802,72.74037659,0.077
0.446143397,73.69071787,0.078
0.465977035,74.64145381,0.079
0.486404637,75.59218975,0.08
0.507436068,76.54332035,0.081
0.529077249,77.49484561,0.082
0.551336073,78.44637087,0.083
0.574216487,79.39829079,0.084
0.597728356,80.35040804,0.085
0.621877602,81.30291995,0.086
0.646672116,82.25582652,0.087
0.672115847,83.20873309,0.088
0.698216686,84.16203432,0.089
0.724980554,85.11573021,0.09
0.75241337,86.06962343,0.091
0.780523029,87.02391131,0.092
0.809313476,87.97839652,0.093
0.838792604,88.93327639,0.094
0.868964361,89.88855092,0.095
0.89983664,90.84402278,0.096
0.93141536,91.7998893,0.097
0.963704468,92.75595315,0.098
0.996709883,93.71260899,0.099
1.030437527,94.66926483,0.1
1.064893318,95.62651266,0.101
1.100081204,96.58395782,0.102
1.136009077,97.54179764,0.103
1.172678911,98.50003212,0.104
1.210098599,99.45866126,0.105
1.248270114,100.4176851,0.106
1.287203323,101.3769062,0.107
1.326898226,102.336522,0.108
1.367362716,103.2965324,0.109
1.408598766,104.2569375,0.11
1.450614269,105.2177373,0.111
1.493413173,106.1789317,0.112
1.536999423,107.1405208,0.113
1.581374994,108.1025046,0.114
1.626549751,109.064883,0.115
1.672523694,110.0274587,0.116
1.719302744,110.9906265,0.117
1.766890847,111.9541889,0.118
1.815291949,112.9181459,0.119
1.864509998,113.8824976,0.12
1.914550912,114.847244,0.121
1.96541864,115.812385,0.122
2.01710726,116.778118,0.123
2.069636506,117.7440484,0.124
2.123014271,118.7105707,0.125
2.177220822,119.6774877,0.126
2.232275892,120.6447994,0.127
2.288179481,121.6125057,0.128
2.344931589,122.5806067,0.129
2.402532216,123.5492997,0.13
2.461001095,124.5183873,0.131
2.520338226,125.4878696,0.132
2.580543609,126.4579439,0.133
2.641597511,127.4284128,0.134
2.703539398,128.3992764,0.135
2.76636927,129.3705347,0.136
2.690930011,128.3982897,0.135
2.751352457,129.369548,0.136
2.812524757,130.3412009,0.137
2.874466644,131.3134458,0.138
2.937138652,132.2860854,0.139
3.00059998,133.2591196,0.14
3.064850628,134.2325485,0.141
3.129870863,135.2065694,0.142
3.195680418,136.1809849,0.143
3.262279293,137.1557951,0.144
3.329687221,138.1311973,0.145
3.397904202,139.1069942,0.146
3.466930236,140.0831857,0.147
3.536765323,141.0599692,0.148
3.607409463,142.0371474,0.149
3.678902122,143.0149175,0.15
3.751203834,143.9930823,0.151
3.824354065,144.9718391,0.152
3.898313349,145.9509906,0.153
3.973140885,146.9305367,0.154
4.048797207,147.9106748,0.155
4.125302048,148.8914049,0.156
4.202655408,149.8725297,0.157
4.280857287,150.8540491,0.158
4.359927418,151.8361605,0.159
4.439865801,152.8188639,0.16
4.520652703,153.801962,0.161
4.602307857,154.7854547,0.162
4.684831263,155.7695394,0.163
4.768242654,156.7542161,0.164
4.852522297,157.7392874,0.165
4.937670192,158.7249508,0.166
5.023706072,159.7112061,0.167
5.110629937,160.6978561,0.168
5.198441787,161.6850981,0.169
5.287141622,162.6727348,0.17
5.376729442,163.6611607,0.171
5.46722498,164.649784,0.172
5.558608503,165.6391967,0.173
5.650899744,166.6290039,0.174
5.74407897,167.6194032,0.175
5.838185647,168.6101971,0.176
5.933180309,169.6017804,0.177
6.029102422,170.5937583,0.178
6.125932253,171.5861309,0.179
6.223669802,172.5792928,0.18
6.322334802,173.5728493,0.181
6.42190752,174.5669979,0.182
6.522427422,175.5617384,0.183
6.623855042,176.5570709,0.184
6.726210113,177.5527981,0.185
6.829492635,178.5491173,0.186
6.933702608,179.5460284,0.187
7.038859765,180.5435316,0.188
7.144944373,181.5416267,0.189
7.251956432,182.5403138,0.19
7.359915675,183.5393956,0.191
7.468822102,184.5392667,0.192
7.578675713,185.5395325,0.193
7.689456775,186.5403903,0.194
7.801204754,187.54184,0.195
7.913880184,188.5438818,0.196
8.027522531,189.5465155,0.197
8.142112062,190.5497412,0.198
8.25766851,191.5533616,0.199
8.374172142,192.5577713,0.2
8.491622958,193.562773,0.201
8.610040691,194.5681693,0.202
8.729425341,195.574355,0.203
8.849776908,196.5811327,0.204
8.971095392,197.5885023,0.205
9.093380793,198.5968586,0.206
9.216633111,199.6052149,0.207
9.340852346,200.6135712,0.208
9.466038498,201.6239008,0.209
9.5922113,202.6342304,0.21
9.719351019,203.64456,0.211
9.847477388,204.6568629,0.212
9.976590407,205.6691658,0.213
10.10667034,206.6814687,0.214
10.2377172,207.6937716,0.215
10.36977043,208.7080478,0.216
10.50281032,209.722324,0.217
10.63681712,210.7385735,0.218
10.77183031,211.7528497,0.219
10.90783014,212.7710725,0.22
11.04481663,213.787322,0.221
11.18278977,214.8055448,0.222
11.32176928,215.8237676,0.223
11.46173545,216.8419904,0.224
11.60270801,217.8621865,0.225
11.74466721,218.8823826,0.226
11.88763279,219.9025787,0.227
12.03160476,220.9227748,0.228
12.17656338,221.9449442,0.229
12.32254811,222.9690869,0.23
12.4695195,223.9912563,0.231
12.61749726,225.015399,0.232
12.76650115,226.0395417,0.233
12.91649168,227.0656577,0.234
13.06750833,228.0917737,0.235
13.21953136,229.1178897,0.236
13.37256078,230.145979,0.237
13.52661631,231.172095,0.238
13.68167822,232.2021576,0.239
13.83774652,233.2302469,0.24
13.99484093,234.2603095,0.241
14.15296146,235.2903721,0.242
14.3121081,236.322408,0.243
14.47226113,237.3524706,0.244
14.63344028,238.3864798,0.245
14.79564554,239.4185157,0.246
14.95887691,240.4525249,0.247
15.1231344,241.4865341,0.248
15.28841801,242.5225166,0.249
15.45472774,243.5584991,0.25
15.62206358,244.5944816,0.251
15.79042553,245.6304641,0.252
15.95983334,246.6684199,0.253
16.13026726,247.7063757,0.254
16.3017273,248.7463048,0.255
16.47423318,249.7862339,0.256
16.64776518,250.826163,0.257
16.82234303,251.8680654,0.258
16.997947,252.9099678,0.259
17.17459682,253.9518702,0.26
17.35229248,254.9937726,0.261
17.53101426,256.0376483,0.262
17.71080163,257.0834973,0.263
17.89161511,258.127373,0.264
18.07347443,259.173222,0.265
18.25635988,260.2210443,0.266
18.4403109,261.2668933,0.267
18.62530778,262.3166889,0.268
18.8113505,263.3645112,0.269
33.28976833,268.0293924,0.27
33.46539203,269.0930011,0.271
33.64042374,270.1566098,0.272
33.81466613,271.2202185,0.273
33.98831653,272.2838272,0.274
34.16157227,273.3474359,0.275
34.33463068,274.4130179,0.276
34.50729443,275.4785999,0.277
34.67995818,276.5441819,0.278
34.8524246,277.6097639,0.279
35.02469369,278.6773192,0.28
35.19716011,279.7429012,0.281
35.3694292,280.8104565,0.282
35.54189562,281.8780118,0.283
35.71436204,282.9475404,0.284
35.88702579,284.0150957,0.285
36.05968954,285.0846243,0.286
36.23255062,286.1541529,0.287
36.40560903,287.2236815,0.288
36.57866744,288.2951834,0.289
36.75212051,289.364712,0.29
36.92577091,290.4362139,0.291
37.09961864,291.5077158,0.292
37.27386103,292.5792177,0.293
37.44810342,293.6526929,0.294
37.62274047,294.7241948,0.295
37.79777218,295.79767,0.296
37.97300122,296.8711452,0.297
38.14842759,297.9446204,0.298
38.32424862,299.0200689,0.299
38.50046431,300.0935441,0.3
38.67707466,301.1689926,0.301
38.85388234,302.2444411,0.302
39.03108468,303.3218629,0.303
39.20848435,304.3973114,0.304
39.38647601,305.4747332,0.305
39.564665,306.552155,0.306
39.74324865,307.6295768,0.307
39.92222696,308.7069986,0.308
40.10159993,309.7863937,0.309
40.28136756,310.8657888,0.31
40.46152985,311.9432106,0.311
40.6420868,313.024579,0.312
40.82303841,314.1039741,0.313
41.00438468,315.1853425,0.314
41.18612561,316.2647376,0.315
41.3682612,317.3480793,0.316
41.55098878,318.4294477,0.317
41.73391369,319.5108161,0.318
41.91743059,320.5941578,0.319
42.10114482,321.6774995,0.32
42.28545104,322.7608412,0.321
42.47015192,323.8441829,0.322
42.65544479,324.9294979,0.323
42.84093499,326.0128396,0.324
43.02701718,327.0981546,0.325
43.21349403,328.1834696,0.326
43.40036554,329.2707579,0.327
43.58782904,330.3560729,0.328
43.7756872,331.4433612,0.329
43.96394002,332.5306495,0.33
44.1525875,333.6179378,0.331
44.34182697,334.7071994,0.332
44.5314611,335.7944877,0.333
44.72168722,336.8837493,0.334
44.912308,337.9730109,0.335
45.10332344,339.0642458,0.336
45.29493087,340.1535074,0.337
45.48693296,341.2447423,0.338
45.67952704,342.3359772,0.339
45.87251578,343.4272121,0.34
46.06589918,344.518447,0.341
46.25987457,345.6116552,0.342
46.45424462,346.7048634,0.343
46.64920666,347.7980716,0.344
46.84456336,348.8912798,0.345
47.04051205,349.984488,0.346
47.2368554,351.0796695,0.347
47.43379074,352.174851,0.348
47.63112074,353.2700325,0.349
47.8288454,354.365214,0.35
48.02735938,355.4623688,0.351
48.22607069,356.5595236,0.352
48.42557132,357.6566784,0.353
48.62526928,358.7538332,0.354
48.82575656,359.850988,0.355
49.0266385,360.9501161,0.356
49.2279151,362.0492442,0.357
49.42978369,363.1483723,0.358
49.63224427,364.2475004,0.359
49.83509951,365.3466285,0.36
50.03834941,366.4477299,0.361
50.24238863,367.5488313,0.362
50.44682251,368.6499327,0.363
50.65165105,369.7530074,0.364
50.85726891,370.8541088,0.365
51.0630841,371.9571835,0.366
51.26968861,373.0602582,0.367
51.47668778,374.1633329,0.368
51.68408161,375.2683809,0.369
51.89226476,376.3734289,0.37
52.10084257,377.4784769,0.371
52.30981504,378.5835249,0.372
52.51957683,379.6885729,0.373
52.72973328,380.7955942,0.374
52.94028439,381.9026155,0.375
53.15142749,383.0096368,0.376
53.36316258,384.1166581,0.377
53.57548966,385.2236794,0.378
53.7882114,386.332674,0.379
54.00152513,387.4416686,0.38
54.21543085,388.5506632,0.381
54.42973123,389.6616311,0.382
54.64482093,390.7706257,0.383
54.86010796,391.8815936,0.384
55.07618431,392.9925615,0.385
55.29265532,394.1035294,0.386
55.50971832,395.2164706,0.387
50.73531897,393.9752649,0.388
50.92219048,395.0822862,0.389
51.10886466,396.1912808,0.39
51.29514418,397.3002754,0.391
51.4814237,398.40927,0.392
51.66750589,399.5182646,0.393
51.85339075,400.6292325,0.394
52.03947294,401.7382271,0.395
52.2253578,402.849195,0.396
52.41124266,403.9601629,0.397
52.59732485,405.0731041,0.398
52.78340704,406.184072,0.399
52.96948923,407.2970132,0.4
53.15557142,408.4099544,0.401
53.34185094,409.5228956,0.402
53.52832779,410.6378101,0.403
53.71480464,411.7507513,0.404
53.90147882,412.8656658,0.405
54.08835033,413.9805803,0.406
54.27522184,415.0954948,0.407
54.46248801,416.2123826,0.408
54.64975418,417.3292704,0.409
54.83721768,418.4441849,0.41
55.02507584,419.5610727,0.411
55.212934,420.6799338,0.412
55.40098949,421.7968216,0.413
55.58943964,422.9156827,0.414
55.77808712,424.0345438,0.415
55.96693193,425.1534049,0.416
56.15597407,426.272266,0.417
56.34521354,427.3931004,0.418
56.53484767,428.5139348,0.419
56.72467913,429.6347692,0.42
56.91470792,430.7556036,0.421
57.10513137,431.876438,0.422
57.29575215,432.9992457,0.423
57.48657026,434.1220534,0.424
57.67778303,435.2448611,0.425
57.86919313,436.3676688,0.426
58.06099789,437.4904765,0.427
58.25299998,438.6152575,0.428
58.44539673,439.7400385,0.429
58.63799081,440.8648195,0.43
58.83097955,441.9896005,0.431
59.02416562,443.1143815,0.432
59.21774635,444.2411358,0.433
59.41172174,445.3678901,0.434
59.60589446,446.4946444,0.435
59.80046184,447.6213987,0.436
59.99522655,448.7501263,0.437
60.19038592,449.8788539,0.438
60.38593995,451.0075815,0.439
60.58169131,452.1363091,0.44
60.77783733,453.2650367,0.441
60.97437801,454.3957376,0.442
61.17131335,455.5244652,0.443
61.36844602,456.6551661,0.444
61.56597335,457.7878403,0.445
61.76389534,458.9185412,0.446
61.96201466,460.0512154,0.447
62.16052864,461.1819163,0.448
62.35943728,462.3145905,0.449
62.55874058,463.449238,0.45
62.75843854,464.5819122,0.451
62.95833383,465.7165597,0.452
63.15882111,466.8512072,0.453
63.35950572,467.9858547,0.454
63.56058499,469.1205022,0.455
63.76205892,470.257123,0.456
63.96373018,471.3917705,0.457
64.16599343,472.5283913,0.458
64.36845401,473.6650121,0.459
64.57150658,474.8036062,0.46
64.77475648,475.940227,0.461
64.97840104,477.0788211,0.462
65.18244026,478.2174152,0.463
65.38687414,479.3560093,0.464
65.59170268,480.4965767,0.465
65.79692588,481.6351708,0.466
66.00254374,482.7757382,0.467
66.20855626,483.9163056,0.468
66.41476611,485.056873,0.469
66.62156795,486.1994137,0.47
66.82876445,487.3399811,0.471
67.03615828,488.4825218,0.472
67.2441441,489.6250625,0.473
67.45252458,490.7695765,0.474
67.66110239,491.9121172,0.475
67.87027219,493.0566312,0.476
68.07983665,494.2011452,0.477
68.28959844,495.3456592,0.478
68.49995222,496.4901732,0.479
68.71070066,497.6366605,0.48
68.92164643,498.7831478,0.481
69.13318419,499.9296351,0.482
69.34511661,501.0761224,0.483
69.55744369,502.2226097,0.484
69.77016543,503.3710703,0.485
69.98328183,504.5195309,0.486
70.19679289,505.6679915,0.487
70.41069861,506.8164521,0.488
70.62499899,507.9649127,0.489
70.83989136,509.1153466,0.49
71.05498106,510.2657805,0.491
71.27066275,511.4162144,0.492
71.48654177,512.5666483,0.493
71.70301278,513.7190555,0.494
71.91987845,514.8714627,0.495
72.13713878,516.0238699,0.496
72.35479377,517.1762771,0.497
72.57284342,518.3286843,0.498
72.79128773,519.4830648,0.499
73.01032403,520.6374453,0.5
73.22955766,521.7918258,0.501
73.44938328,522.9462063,0.502
73.66960356,524.1005868,0.503
73.8902185,525.2569406,0.504
74.1112281,526.4132944,0.505
74.33263236,527.5696482,0.506
74.55462861,528.726002,0.507
74.77682219,529.8843291,0.508
74.99960776,531.0426562,0.509
75.22278799,532.2009833,0.51
75.44636288,533.3593104,0.511
75.67052976,534.5176375,0.512
75.89489397,535.6779379,0.513
76.11985017,536.836265,0.514
76.34520103,537.9985387,0.515
76.57094655,539.1588391,0.516
76.79708673,540.3191395,0.517
77.0238189,541.4814132,0.518
77.25094573,542.6436869,0.519
77.47846722,543.8059606,0.52
77.70638337,544.9682343,0.521
77.93469418,546.1324813,0.522
78.16359698,547.294755,0.523
78.39289444,548.459002,0.524
78.62258656,549.6252223,0.525
78.85267334,550.7894693,0.526
79.08335211,551.9556896,0.527
79.31422821,553.1199366,0.528
79.5456963,554.2861569,0.529
79.77775638,555.4543505,0.53
80.01001379,556.6205708,0.531
80.24286319,557.7887644,0.532
80.47610725,558.956958,0.533
80.70974597,560.1251516,0.534
80.94397668,561.2933452,0.535
81.17860205,562.4635121,0.536
81.41362208,563.6317057,0.537
81.64903677,564.8018726,0.538
81.88504345,565.9740128,0.539
82.12144479,567.1441797,0.54
82.35824079,568.3163199,0.541
82.59543145,569.4864868,0.542
82.8332141,570.658627,0.543
83.07139141,571.8327405,0.544
83.30996338,573.0048807,0.545
83.54912734,574.1789942,0.546
83.78868596,575.3531077,0.547
84.02863924,576.5272212,0.548
84.26918451,577.7013347,0.549
84.50992711,578.8774215,0.55
84.75145903,580.0535083,0.551
84.99318828,581.2295951,0.552
85.23550952,582.4056819,0.553
85.47822542,583.5817687,0.554
85.72133598,584.7598288,0.555
85.96503853,585.9378889,0.556
86.20913574,587.115949,0.557
86.45362761,588.2940091,0.558
86.69871147,589.4740425,0.559
86.94418999,590.6540759,0.56
87.19006317,591.8341093,0.561
87.43652834,593.0141427,0.562
87.68338817,594.1941761,0.563
87.93083999,595.3761828,0.564
88.17848914,596.5581895,0.565
88.42673028,597.7401962,0.566
88.67556341,598.9222029,0.567
88.9247912,600.1061829,0.568
89.17441365,601.2881896,0.569
89.42443076,602.4721696,0.57
89.67503986,603.6561496,0.571
89.92604362,604.8421029,0.572
90.17763937,606.0260829,0.573
90.42962978,607.2120362,0.574
90.68201485,608.3979895,0.575
90.93499191,609.5839428,0.576
91.18836363,610.7718694,0.577
91.44213001,611.959796,0.578
91.69648838,613.1477226,0.579
91.95124141,614.3356492,0.58
92.2063891,615.5235758,0.581
92.46212878,616.7134757,0.582
92.71846045,617.9014023,0.583
92.97498945,619.0913022,0.584
93.23211044,620.2831754,0.585
93.48982342,621.4730753,0.586
93.74793106,622.6649485,0.587
94.00643336,623.8568217,0.588
94.26552765,625.0486949,0.589
94.5250166,626.2405681,0.59
94.78490021,627.4344146,0.591
95.04537581,628.6262878,0.592
95.30624607,629.8201343,0.593
95.56770832,631.0159541,0.594
95.82956523,632.2098006,0.595
96.09201413,633.4056204,0.596
96.35466036,634.6014402,0.597
96.61809591,635.79726,0.598
96.88172879,636.9930798,0.599
97.14615099,638.1908729,0.6
97.41077052,639.3866927,0.601
97.67598204,640.5844858,0.602
97.94178555,641.7822789,0.603
98.20778639,642.9820453,0.604
98.47457655,644.1818117,0.605
98.74156404,645.3796048,0.606
99.00934085,646.5813445,0.607
99.27731499,647.7811109,0.608
99.54588112,648.9808773,0.609
99.81503924,650.182617,0.61
100.084592,651.3843567,0.611
100.3545395,652.5860964,0.612
100.6250789,653.7898094,0.613
100.896013,654.9915491,0.614
101.1673417,656.1952621,0.615
101.4394598,657.3989751,0.616
101.7117752,658.6046614,0.617
101.9846826,659.8083744,0.618
102.258182,661.0140607,0.619
102.532076,662.219747,0.62
102.8063647,663.4254333,0.621
103.0812454,664.6330929,0.622
103.3565208,665.8387792,0.623
103.6323881,667.0464388,0.624
103.9086501,668.2540984,0.625
104.1855041,669.4637313,0.626
104.4627527,670.6713909,0.627
104.7405934,671.8810238,0.628
105.0188287,673.0906567,0.629
105.2974586,674.3002896,0.63
105.5766806,675.5099225,0.631
105.8564945,676.7215287,0.632
106.1367031,677.9331349,0.633
106.4173064,679.1447411,0.634
106.6985016,680.3563473,0.635
106.9802889,681.5699268,0.636
107.2624708,682.7835063,0.637
107.5450473,683.9970858,0.638
107.8282159,685.2106653,0.639
108.1117791,686.4262181,0.64
108.3959343,687.6397976,0.641
108.6804842,688.8553504,0.642
108.965626,690.0709032,0.643
109.2513598,691.2884293,0.644
109.537291,692.5039821,0.645
109.8240115,693.7215082,0.646
110.1111267,694.9390343,0.647
110.3986365,696.1565604,0.648
110.6867383,697.3760598,0.649
110.9752347,698.5935859,0.65
111.2643232,699.8130853,0.651
111.5538063,701.034558,0.652
111.8438814,702.2540574,0.653
112.1345485,703.4755301,0.654
112.4254129,704.6950295,0.655
112.7170666,705.9165022,0.656
113.009115,707.1399482,0.657
113.3015581,708.3614209,0.658
113.5945931,709.5848669,0.659
113.8882202,710.8083129,0.66
114.1822419,712.0317589,0.661
114.4766582,713.2571782,0.662
114.7716666,714.4806242,0.663
115.0672669,715.7060435,0.664
115.3632619,716.9314628,0.665
115.6596516,718.1568821,0.666
115.9566332,719.3842747,0.667
116.2542069,720.6116673,0.668
116.5521752,721.8390599,0.669
116.8507355,723.0664525,0.67
117.1496904,724.2938451,0.671
117.4492374,725.523211,0.672
117.749179,726.7525769,0.673
118.0497126,727.9819428,0.674
118.3506408,729.2113087,0.675
118.652161,730.4426479,0.676
118.9542733,731.6739871,0.677
119.2567802,732.9053263,0.678
119.5596817,734.1366655,0.679
119.8633726,735.369978,0.68
120.1672608,736.6013172,0.681
120.471741,737.8346297,0.682
120.7768132,739.0699155,0.683
121.08228,740.303228,0.684
121.3883388,741.5385138,0.685
121.6949896,742.7718263,0.686
122.0020351,744.0090854,0.687
122.3094753,745.2443712,0.688
122.6175074,746.479657,0.689
122.9261315,747.7169161,0.69
123.2351503,748.9541752,0.691
123.5447611,750.1914343,0.692
123.8547665,751.4306667,0.693
124.1653639,752.6698991,0.694
124.476356,753.9071582,0.695
124.7879401,755.1483639,0.696
125.1001161,756.3875963,0.697
125.4126868,757.628802,0.698
125.7258496,758.8680344,0.699
126.0394069,760.1092401,0.7
126.3535563,761.3524191,0.701
126.6681003,762.5936248,0.702
126.9832363,763.8368038,0.703
127.2989643,765.0799828,0.704
127.615087,766.3231618,0.705
127.9318016,767.5683141,0.706
128.2489109,768.8114931,0.707
128.5666122,770.0566454,0.708
128.8847082,771.3017977,0.709
129.2033961,772.5489233,0.71
129.5226761,773.7940756,0.711
129.8423507,775.0412012,0.712
130.1626173,776.2883268,0.713
130.4832785,777.5354524,0.714
130.8045318,778.7845513,0.715
131.126377,780.0336502,0.716
131.4486169,781.2807758,0.717
131.7712514,782.531848,0.718
132.0946753,783.7809469,0.719
132.4184938,785.0320191,0.72
132.742707,786.2830913,0.721
133.0675122,787.5341635,0.722
133.3929094,788.7852357,0.723
133.7187012,790.0382812,0.724
134.045085,791.2893534,0.725
134.3720608,792.5423989,0.726
134.6994313,793.7974177,0.727
135.0271964,795.0504632,0.728
135.3557509,796.305482,0.729
135.6847,797.5605008,0.73
136.0140438,798.8155196,0.731
136.3439795,800.0705384,0.732
136.6745073,801.3275305,0.733
137.0054297,802.5845226,0.734
137.3369441,803.8415147,0.735
137.6690505,805.0985068,0.736
138.0015515,806.3574722,0.737
138.3346446,807.6164376,0.738
138.6681323,808.875403,0.739
139.002212,810.1343684,0.74
139.3368836,811.3953071,0.741
139.67195,812.6542725,0.742
140.0076083,813.9152112,0.743
140.3436613,815.1781232,0.744
140.6803063,816.4390619,0.745
141.0175432,817.7019739,0.746
141.3551749,818.9629126,0.747
141.6933985,820.2277979,0.748
142.0322141,821.4907099,0.749
142.3714244,822.7555952,0.75
142.7112266,824.0185072,0.751
143.0514236,825.2833925,0.752
143.3924098,826.5502511,0.753
143.7335934,827.8151364,0.754
144.0755663,829.081995,0.755
144.4179338,830.3488536,0.756
144.760696,831.6157122,0.757
145.1040502,832.8845441,0.758
145.4479964,834.1514027,0.759
145.7925346,835.4202346,0.76
146.1374674,836.6890665,0.761
146.4829923,837.9598717,0.762
146.8289117,839.2287036,0.763
147.1754232,840.4995088,0.764
147.5225267,841.770314,0.765
147.8700248,843.0430925,0.766
148.2181149,844.3138977,0.767
148.5667971,845.5866762,0.768
148.9158738,846.8594547,0.769
149.2655426,848.1322332,0.77
149.6158033,849.406985,0.771
149.9664587,850.6797635,0.772
150.3177061,851.9545153,0.773
150.6693482,853.2292671,0.774
151.0215823,854.5059922,0.775
151.3744083,855.7827173,0.776
151.7278263,857.0574691,0.777
152.081639,858.3361675,0.778
152.4358464,859.6128926,0.779
152.790843,860.8896177,0.78
153.1462344,862.1683161,0.781
153.5022177,863.4470145,0.782
153.8585957,864.7276862,0.783
154.2155656,866.0063846,0.784
154.5731276,867.2870563,0.785
154.9310842,868.567728,0.786
155.2896328,869.8483997,0.787
155.6487734,871.1310447,0.788
156.0083087,872.4117164,0.789
156.3684359,873.6943614,0.79
156.7291552,874.9770064,0.791
157.0902691,876.2616247,0.792
157.451975,877.5442697,0.793
157.8142728,878.828888,0.794
158.1769654,880.1135063,0.795
158.5402499,881.4000979,0.796
158.9041264,882.6847162,0.797
159.2683976,883.9713078,0.798
159.6332608,885.2578994,0.799
159.9987159,886.544491,0.8
160.3645658,887.8330559,0.801
160.7310076,889.1216208,0.802
161.0980414,890.4101857,0.803
161.4654698,891.6987506,0.804
161.8334903,892.9873155,0.805
162.2021027,894.2778537,0.806
162.5713072,895.5683919,0.807
162.9409062,896.8589301,0.808
163.3109,898.1514416,0.809
163.6816831,899.4419798,0.81
164.0528608,900.7344913,0.811
164.4246305,902.0270028,0.812
164.7967949,903.3195143,0.813
165.1695513,904.6139991,0.814
165.5428996,905.9084839,0.815
165.91684,907.2029687,0.816
166.291175,908.4974535,0.817
166.666102,909.7939116,0.818
167.041621,911.0903697,0.819
167.4175346,912.3868278,0.82
167.7940403,913.6832859,0.821
168.1711379,914.979744,0.822
168.5486302,916.2781754,0.823
168.9267145,917.5766068,0.824
169.3053907,918.8750382,0.825
169.6844617,920.1754429,0.826
170.0641246,921.4738743,0.827
170.4443795,922.774279,0.828
170.8252264,924.0746837,0.829
171.206468,925.3770617,0.83
171.5883015,926.6774664,0.831
171.970727,927.9798444,0.832
172.3535472,929.2822224,0.833
172.7369594,930.5846004,0.834
173.1209636,931.8889517,0.835
173.5053625,933.193303,0.836
173.8903533,934.4976543,0.837
174.2759361,935.8020056,0.838
174.6621109,937.1083302,0.839
175.0486804,938.4126815,0.84
175.4358418,939.7190061,0.841
175.8235953,941.027304,0.842
176.2117434,942.3336286,0.843
176.6004835,943.6419265,0.844
176.9898156,944.9502244,0.845
177.3795423,946.2585223,0.846
177.7698611,947.5668202,0.847
178.1607718,948.8770914,0.848
178.5522745,950.1873626,0.849
178.9441719,951.4976338,0.85
179.3366613,952.807905,0.851
179.7297426,954.1201495,0.852
180.123416,955.432394,0.853
180.517484,956.7446385,0.854
180.912144,958.056883,0.855
181.3071987,959.3711008,0.856
181.7030426,960.6833453,0.857
182.0992813,961.9995364,0.858
182.4961119,963.3137542,0.859
182.8933372,964.627972,0.86
183.2911545,965.9441631,0.861
183.6895638,967.2603542,0.862
184.088565,968.5765453,0.863
184.4879609,969.8947097,0.864
184.8879488,971.2109008,0.865
185.2885287,972.5290652,0.866
185.6897006,973.8492029,0.867
186.0912672,975.1673673,0.868
186.4934257,976.487505,0.869
186.8961763,977.8076427,0.87
187.2993214,979.1277804,0.871
187.703256,980.4479181,0.872
188.1075851,981.7700291,0.873
188.512309,983.0921401,0.874
188.9178221,984.4142511,0.875
189.3237299,985.7363621,0.876
189.7302297,987.0604464,0.877
190.1371242,988.3845307,0.878
190.544808,989.708615,0.879
190.9528864,991.0326993,0.88
191.3615568,992.3567836,0.881
191.7706219,993.6828412,0.882
192.180279,995.0088988,0.883
192.5905281,996.3369297,0.884
193.0013691,997.6629873,0.885
193.4128022,998.9910182,0.886
193.8246299,1000.319049,0.887
194.2370496,1001.64708,0.888
194.6500613,1002.975111,0.889
195.0634676,1004.305115,0.89
195.477466,1005.635119,0.891
195.8920563,1006.965124,0.892
196.3072386,1008.297101,0.893
196.7228156,1009.627105,0.894
197.1389846,1010.959083,0.895
197.5549562,1012.293034,0.896
197.9732958,1013.625011,0.897
198.3916354,1014.958962,0.898
198.809975,1016.290939,0.899
199.2283146,1017.626863,0.9
199.6486275,1018.960814,0.901
200.0669671,1020.296738,0.902
200.48728,1021.630689,0.903
200.9095662,1022.966613,0.904
201.3318524,1024.304511,0.905
201.7521653,1025.640435,0.906
202.1764248,1026.978332,0.907
202.598711,1028.31623,0.908
203.0229705,1029.654127,0.909
203.44723,1030.993998,0.91
203.8714895,1032.333868,0.911
204.2977223,1033.673739,0.912
204.7239551,1035.01361,0.913
205.1501879,1036.355454,0.914
205.5764207,1037.695324,0.915
206.0046268,1039.037168,0.916
206.4328329,1040.380986,0.917
206.861039,1041.72283,0.918
207.2912184,1043.066647,0.919
207.7213978,1044.410464,0.92
208.1515772,1045.754282,0.921
208.5817566,1047.098099,0.922
209.0139093,1048.44389,0.923
209.446062,1049.78968,0.924
209.8782147,1051.135471,0.925
210.3103674,1052.483235,0.926
210.7444934,1053.829025,0.927
211.1786194,1055.176789,0.928
211.6127454,1056.524553,0.929
212.0488447,1057.87429,0.93
212.484944,1059.222054,0.931
212.9210433,1060.571791,0.932
213.3571426,1061.921529,0.933
213.7952152,1063.273239,0.934
214.2332878,1064.622976,0.935
214.6713604,1065.974687,0.936
215.1114063,1067.326397,0.937
215.5494789,1068.678108,0.938
215.9895248,1070.031792,0.939
216.431544,1071.385475,0.94
216.8715899,1072.739159,0.941
217.3136091,1074.092843,0.942
217.7576016,1075.4485,0.943
218.1996208,1076.802184,0.944
218.6436133,1078.157841,0.945
219.0876058,1079.515471,0.946
219.5315983,1080.871128,0.947
219.9775641,1082.228759,0.948
220.4215566,1083.586389,0.949
220.8694957,1084.94402,0.95
221.3154615,1086.303623,0.951
221.7634006,1087.661254,0.952
222.2113397,1089.020857,0.953
222.6592788,1090.382434,0.954
223.1072179,1091.742038,0.955
223.5571303,1093.103615,0.956
224.0070427,1094.465192,0.957
224.4589284,1095.826769,0.958
224.9088408,1097.188346,0.959
225.3607265,1098.551896,0.96
225.8126122,1099.915447,0.961
226.2664712,1101.278997,0.962
226.7203302,1102.644521,0.963
227.1741892,1104.008071,0.964
227.6280482,1105.373595,0.965
228.0819072,1106.739118,0.966
228.5377395,1108.106615,0.967
228.9935718,1109.472139,0.968
229.4513774,1110.839636,0.969
229.909183,1112.207132,0.97
230.3669886,1113.576603,0.971
230.8247942,1114.946073,0.972
231.2825998,1116.31357,0.973
231.7423787,1117.68304,0.974
232.2021576,1119.054483,0.975
232.6639098,1120.423954,0.976
233.1236887,1121.795397,0.977
233.5854409,1123.166841,0.978
234.0471931,1124.540257,0.979
234.5109186,1125.911701,0.98
234.9746441,1127.285118,0.981
235.4383696,1128.658535,0.982
235.9020951,1130.033925,0.983
236.3677939,1131.407341,0.984
236.8334927,1132.782732,0.985
237.2991915,1134.158122,0.986
237.7648903,1135.533512,0.987
238.2325624,1136.910875,0.988
238.7002345,1138.288239,0.989
239.1679066,1139.665602,0.99
239.637552,1141.042965,0.991
240.1071974,1142.420329,0.992
240.5768428,1143.799665,0.993
241.0464882,1145.179002,0.994
241.5181069,1146.560312,0.995
241.9897256,1147.939649,0.996
242.4613443,1149.320959,0.997
242.9349363,1150.702269,0.998
243.4085283,1152.083579,0.999
243.8821203,1153.466862,1
244.3557123,1154.848172,1.001
244.8312776,1156.231455,1.002
245.3068429,1157.616712,1.003
245.7824082,1158.999995,1.004
246.2599468,1160.385252,1.005
246.7374854,1161.770509,1.006
247.215024,1163.155765,1.007
247.6925626,1164.542995,1.008
248.1720745,1165.928252,1.009
248.6515864,1167.315482,1.01
249.1310983,1168.702711,1.011
249.6106102,1170.091915,1.012
250.0920954,1171.481118,1.013
250.5735806,1172.870321,1.014
251.0570391,1174.259524,1.015
251.5385243,1175.648727,1.016
252.0219828,1177.039904,1.017
252.5054413,1178.43108,1.018
252.9908731,1179.822257,1.019
253.4763049,1181.213433,1.02
253.9617367,1182.606583,1.021
254.4471685,1183.999733,1.022
254.9345736,1185.392883,1.023
255.4219787,1186.788006,1.024
255.9093838,1188.181156,1.025
256.3967889,1189.576279,1.026
256.8861673,1190.971402,1.027
257.3755457,1192.368498,1.028
257.8649241,1193.765595,1.029
258.3562758,1195.160718,1.03
258.8476275,1196.559788,1.031
259.3389792,1197.956884,1.032
259.8303309,1199.355954,1.033
260.3236559,1200.755023,1.034
260.8169809,1202.154093,1.035
261.3122792,1203.553163,1.036
261.8056042,1204.954206,1.037
262.3009025,1206.355249,1.038
262.7962008,1207.756292,1.039
263.2934724,1209.157335,1.04
263.7887707,1210.560351,1.041
264.2860423,1211.963367,1.042
264.7852872,1213.366384,1.043
265.2825588,1214.7694,1.044
265.7818037,1216.17439,1.045
266.2810486,1217.579379,1.046
266.7822668,1218.984369,1.047
267.2815117,1220.389358,1.048
267.7827299,1221.796321,1.049
268.2859214,1223.203284,1.05
268.7871396,1224.610247,1.051
269.2903311,1226.01721,1.052
269.7935226,1227.426146,1.053
270.2986874,1228.835082,1.054
270.8038522,1230.244019,1.055
271.309017,1231.652955,1.056
271.8141818,1233.063864,1.057
272.3213199,1234.474774,1.058
272.8264847,1235.885683,1.059
273.3355961,1237.296593,1.06
273.8427342,1238.709476,1.061
274.3518456,1240.122358,1.062
274.860957,1241.535241,1.063
275.3700684,1242.948124,1.064
275.8811531,1244.36298,1.065
276.3922378,1245.777836,1.066
276.9033225,1247.192692,1.067
277.4144072,1248.607548,1.068
277.9274652,1250.024378,1.069
278.4405232,1251.441207,1.07
278.9555545,1252.858037,1.071
279.4686125,1254.274866,1.072
279.9836438,1255.693669,1.073
280.4986751,1257.112471,1.074
281.0156797,1258.531274,1.075
281.5326843,1259.950077,1.076
282.0496889,1261.370853,1.077
282.5666935,1262.789655,1.078
283.0856714,1264.212405,1.079
283.6046493,1265.633181,1.08
284.1236272,1267.05593,1.081
284.6445784,1268.476706,1.082
285.1655296,1269.901429,1.083
285.6864808,1271.324178,1.084
286.2094053,1272.746927,1.085
286.7303565,1274.17165,1.086
287.2552543,1275.596372,1.087
287.7781788,1277.023068,1.088
288.3030766,1278.447791,1.089
288.8279744,1279.874487,1.09
289.3528722,1281.301183,1.091
289.8797433,1282.729852,1.092
290.4046411,1284.156548,1.093
290.9334855,1285.585217,1.094
291.4603566,1287.013886,1.095
291.989201,1288.444529,1.096
292.5180454,1289.873198,1.097
293.0468898,1291.30384,1.098
293.5757342,1292.734483,1.099
294.1065519,1294.167099,1.1
294.6373696,1295.597741,1.101
295.1701606,1297.030357,1.102
295.7009783,1298.462973,1.103
296.2337693,1299.897562,1.104
296.7665603,1301.330178,1.105
297.3013246,1302.764767,1.106
297.8360889,1304.199356,1.107
298.3708532,1305.635918,1.108
298.9056175,1307.070507,1.109
299.4423551,1308.50707,1.11
299.9790927,1309.943632,1.111
300.5158303,1311.382168,1.112
301.0525679,1312.81873,1.113
301.5912788,1314.257266,1.114
302.1299897,1315.695802,1.115
302.6687006,1317.136311,1.116
303.2093848,1318.574846,1.117
303.750069,1320.015355,1.118
304.2907532,1321.455864,1.119
304.8314374,1322.898347,1.12
305.3740949,1324.340829,1.121
305.9167524,1325.781338,1.122
306.4594099,1327.225794,1.123
307.0040407,1328.668276,1.124
307.5486715,1330.112732,1.125
308.0933023,1331.557187,1.126
308.6379331,1333.001643,1.127
309.1845372,1334.446098,1.128
309.7311413,1335.892527,1.129
310.2777454,1337.338956,1.13
310.8263228,1338.785385,1.131
311.3729269,1340.231814,1.132
311.9234776,1341.680216,1.133
312.472055,1343.128618,1.134
313.0226057,1344.577021,1.135
313.5711831,1346.027396,1.136
314.1237071,1347.475798,1.137
314.6742578,1348.926174,1.138
315.2267818,1350.376549,1.139
315.7793058,1351.828898,1.14
316.3318298,1353.279274,1.141
316.8863271,1354.731622,1.142
317.4408244,1356.185944,1.143
317.9953217,1357.638293,1.144
318.5517923,1359.092615,1.145
319.1062896,1360.546937,1.146
319.6627602,1362.00126,1.147
320.2212041,1363.455582,1.148
320.7776747,1364.911877,1.149
321.3361186,1366.368172,1.15
321.8945625,1367.824468,1.151
322.4549797,1369.282737,1.152
323.0153969,1370.741005,1.153
323.5758141,1372.199274,1.154
324.1362313,1373.657543,1.155
324.6986218,1375.115811,1.156
325.259039,1376.576053,1.157
325.8234028,1378.036295,1.158
326.3857933,1379.496537,1.159
326.9501571,1380.958753,1.16
327.5145209,1382.418995,1.161
328.0788847,1383.88121,1.162
328.6452218,1385.345399,1.163
329.2095856,1386.807614,1.164
329.777896,1388.271802,1.165
330.3442331,1389.735991,1.166
330.9125435,1391.20018,1.167
331.4808539,1392.666342,1.168
332.0491643,1394.132503,1.169
332.6174747,1395.598665,1.17
333.1877584,1397.064827,1.171
333.7580421,1398.532962,1.172
334.3302991,1399.999124,1.173
334.9005828,1401.46726,1.174
335.4728398,1402.937368,1.175
336.0470701,1404.405503,1.176
336.6193271,1405.875612,1.177
337.1935574,1407.34572,1.178
337.7677877,1408.815829,1.179
338.342018,1410.287911,1.18
338.9182216,1411.759992,1.181
339.4944252,1413.232074,1.182
340.0706288,1414.704156,1.183
340.6488057,1416.178211,1.184
341.2250093,1417.652266,1.185
341.8031862,1419.126321,1.186
342.3833364,1420.600376,1.187
342.9615133,1422.076405,1.188
343.5416635,1423.552433,1.189
344.123787,1425.028462,1.19
344.7039372,1426.50449,1.191
345.2860607,1427.982492,1.192
345.8681842,1429.460493,1.193
346.4503077,1430.938495,1.194
347.0344045,1432.416497,1.195
347.6185013,1433.896472,1.196
348.2025981,1435.376447,1.197
348.7866949,1436.856422,1.198
349.372765,1438.336397,1.199
349.9588351,1439.818345,1.2
350.5449052,1441.300293,1.201
351.1329486,1442.782242,1.202
351.720992,1444.26419,1.203
352.3090354,1445.748112,1.204
352.8970788,1447.232033,1.205
353.4870955,1448.715955,1.206
354.0771122,1450.20185,1.207
354.6691022,1451.685771,1.208
355.2591189,1453.171666,1.209
355.8511089,1454.657561,1.21
356.4430989,1456.145429,1.211
357.0370622,1457.633297,1.212
357.6290522,1459.121166,1.213
358.2230155,1460.609034,1.214
358.8189521,1462.096902,1.215
359.4129154,1463.586744,1.216
360.008852,1465.076585,1.217
360.6047886,1466.566427,1.218
361.2007252,1468.058241,1.219
361.7986351,1469.548083,1.22
362.396545,1471.039898,1.221
362.9944549,1472.533686,1.222
363.5943381,1474.025501,1.223
364.1942213,1475.519289,1.224
364.7941045,1477.013077,1.225
365.3939877,1478.506865,1.226
365.9958442,1480.002626,1.227
366.5977007,1481.498388,1.228
367.1995572,1482.994149,1.229
367.803387,1484.48991,1.23
368.4052435,1485.987645,1.231
369.0110466,1487.483407,1.232
369.6148764,1488.983115,1.233
370.2206795,1490.480849,1.234
370.8264826,1491.978584,1.235
371.4322857,1493.478292,1.236
372.0380888,1494.978,1.237
372.6458652,1496.479681,1.238
373.2536416,1497.979389,1.239
373.8633913,1499.481071,1.24
374.4711677,1500.982752,1.241
375.0809174,1502.486406,1.242
375.6906671,1503.988088,1.243
376.3023901,1505.491742,1.244
376.9141131,1506.995397,1.245
377.5258361,1508.501025,1.246
378.1375591,1510.004679,1.247
378.7512554,1511.510307,1.248
379.3649517,1513.017909,1.249
379.978648,1514.523536,1.25
380.5923443,1516.031138,1.251
381.2080139,1517.538739,1.252
381.8236835,1519.04634,1.253
382.4393531,1520.553941,1.254
383.056996,1522.063516,1.255
383.6746389,1523.57309,1.256
384.2922818,1525.082665,1.257
384.911898,1526.594213,1.258
385.5295409,1528.103787,1.259
386.1491571,1529.615335,1.26
386.7707466,1531.128856,1.261
387.3903628,1532.640404,1.262
388.0119523,1534.153925,1.263
388.6335418,1535.667446,1.264
389.2571046,1537.180967,1.265
389.8806674,1538.696461,1.266
390.5042302,1540.209983,1.267
391.127793,1541.725477,1.268
391.7533291,1543.242945,1.269
392.3788652,1544.758439,1.27
393.0044013,1546.275907,1.271
393.6299374,1547.793374,1.272
394.2574468,1549.312815,1.273
394.8849562,1550.830283,1.274
395.5124656,1552.349724,1.275
396.1419483,1553.869165,1.276
396.771431,1555.388606,1.277
397.4009137,1556.91002,1.278
398.0303964,1558.431435,1.279
398.6618524,1559.952849,1.28
399.2933084,1561.474263,1.281
399.9247644,1562.997651,1.282
400.5581937,1564.521039,1.283
401.191623,1566.044426,1.284
401.8250523,1567.569787,1.285
402.4584816,1569.093175,1.286
403.0938842,1570.618536,1.287
403.7292868,1572.143896,1.288
404.3646894,1573.671231,1.289
405.0020653,1575.196592,1.29
405.6394412,1576.723926,1.291
406.2768171,1578.253233,1.292
406.914193,1579.780567,1.293
407.5535422,1581.309875,1.294
408.1928914,1582.839182,1.295
408.8322406,1584.36849,1.296
409.4735631,1585.899771,1.297
410.1148856,1587.429078,1.298
410.7562081,1588.960359,1.299
411.3975306,1590.493613,1.3
412.0408264,1592.024894,1.301
412.6841222,1593.558148,1.302
413.327418,1595.091402,1.303
413.9726871,1596.624656,1.304
414.6159829,1598.159884,1.305
415.2632253,1599.695111,1.306
415.9084944,1601.230338,1.307
416.5557368,1602.765566,1.308
417.2029792,1604.302767,1.309
417.8502216,1605.837994,1.31
418.497464,1607.377168,1.311
419.1466797,1608.914369,1.312
419.7958954,1610.453543,1.313
420.4470844,1611.990743,1.314
421.0963001,1613.531891,1.315
421.7474891,1615.071065,1.316
422.4006514,1616.612212,1.317
423.0518404,1618.153359,1.318
423.7050027,1619.694507,1.319
424.358165,1621.235654,1.32
425.0113273,1622.778774,1.321
425.6664629,1624.321895,1.322
426.3215985,1625.865016,1.323
426.9767341,1627.408136,1.324
427.633843,1628.95323,1.325
428.2909519,1630.498324,1.326
428.9480608,1632.043418,1.327
429.6051697,1633.590485,1.328
430.2642519,1635.137552,1.329
430.9233341,1636.68462,1.33
431.5824163,1638.231687,1.331
432.2414985,1639.778754,1.332
432.902554,1641.327794,1.333
433.5636095,1642.876835,1.334
434.2266383,1644.427849,1.335
434.8876938,1645.976889,1.336
435.5507226,1647.527903,1.337
436.2137514,1649.078917,1.338
436.8787535,1650.629931,1.339
437.5437556,1652.182918,1.34
438.2087577,1653.735905,1.341
438.8737598,1655.288892,1.342
439.5407352,1656.841879,1.343
440.2077106,1658.396839,1.344
440.874686,1659.9518,1.345
441.5416614,1661.50676,1.346
442.2106101,1663.061721,1.347
442.8795588,1664.618654,1.348
443.5504808,1666.175588,1.349
444.2194295,1667.732522,1.35
444.8903515,1669.291429,1.351
445.5612735,1670.848362,1.352
446.2341688,1672.407269,1.353
446.9070641,1673.96815,1.354
447.5799594,1675.527057,1.355
448.2528547,1677.087937,1.356
448.9277233,1678.648817,1.357
449.6025919,1680.209698,1.358
450.2774605,1681.772551,1.359
450.9523291,1683.333432,1.36
451.629171,1684.896285,1.361
452.3060129,1686.461112,1.362
452.9828548,1688.023966,1.363
453.66167,1689.588793,1.364
454.3404852,1691.153619,1.365
455.0193004,1692.718446,1.366
455.7000889,1694.285247,1.367
456.3789041,1695.852047,1.368
457.0596926,1697.418847,1.369
457.7424544,1698.985647,1.37
458.4232429,1700.554421,1.371
459.1060047,1702.123194,1.372
459.7887665,1703.691968,1.373
460.4735016,1705.260741,1.374
461.1582367,1706.831488,1.375
461.8429718,1708.402235,1.376
462.5277069,1709.972982,1.377
463.2144153,1711.545702,1.378
463.8991504,1713.116448,1.379
464.5878321,1714.689169,1.38
465.2745405,1716.263862,1.381
465.9632222,1717.836582,1.382
466.6519039,1719.411275,1.383
467.3405856,1720.985969,1.384
468.0312406,1722.560662,1.385
468.7218956,1724.137329,1.386
469.4125506,1725.712022,1.387
470.1032056,1727.288689,1.388
470.7958339,1728.867329,1.389
471.4884622,1730.443996,1.39
472.1810905,1732.022636,1.391
472.8756921,1733.601276,1.392
473.5702937,1735.181889,1.393
474.2648953,1736.760529,1.394
474.9594969,1738.341142,1.395
475.6560718,1739.921756,1.396
476.3526467,1741.504342,1.397
477.0492216,1743.084956,1.398
477.7477698,1744.667542,1.399
478.446318,1746.250129,1.4
